Instance,N_Cities,Best,Mean,Worst,StdDev,Avg_Time_Sec
kroC100,100,21604.0,22925.666666666668,24487.0,659.7253132091331,14.115315937995911
